tau,events_per_day,events_per_year,continuation_given_gap,sharpe,mdd,avg_turnover
0.01,607.846,153177.192,0.5027523418760673,141.12273207088433,0.0,1.887386015377908
0.02,155.792,39259.584,0.5139416658108247,89.11448358023331,0.0,1.8870778929439065
0.03,48.514,12225.528,0.5434719874675351,48.59660255215222,0.0,1.8906287972316098
0.05,8.354,2105.2079999999996,0.5429734259037586,19.988512866894137,-0.010084972475096645,1.9032262122852042
0.1,0.6,151.2,0.51,5.711598765799033,-0.012763643680742271,1.5581780538302274
