{
  "gap_rate": 0.024568,
  "continuation_given_gap": 0.5397264734614132,
  "continuation_unconditional": 0.501904,
  "avg_events_per_day": 24.568,
  "tau": 0.03
}